<Indicator_Settings>
<Setting><Name>NUM AD </Name><Values>     1,     2,     3,     4</Values><Range>0-3</Range><CValue>0</CValue><Id>90001</Id><Type>UINT_32</Type></Setting>
<Setting><Name>PRESET </Name><Values>PREOFF,PRESET</Values><Range>0-1</Range><CValue>1</CValue><Id>90002</Id><Type>BOOL</Type></Setting>
<Setting><Name>RS-232 </Name><Values>RS OFF,RS-232</Values><Range>0-1</Range><CValue>1</CValue><Id>90003</Id><Type>BOOL</Type></Setting>
<Setting><Name>AD DSP </Name><Values>AD OFF,AD DSP</Values><Range>0-1</Range><CValue>0</CValue><Id>90005</Id><Type>BOOL</Type></Setting>
<Setting><Name>HOLD   </Name><Values>HLDOFF,HOLD  </Values><Range>0-1</Range><CValue>1</CValue><Id>90007</Id><Type>BOOL</Type></Setting>
<Setting><Name>MEMORY </Name><Values>MEMOFF,MEMORY</Values><Range>0-1</Range><CValue>0</CValue><Id>90008</Id><Type>BOOL</Type></Setting>
<Setting><Name>TMR MX </Name><Values>TMROFF,TMR MX</Values><Range>0-1</Range><CValue>0</CValue><Id>90011</Id><Type>BOOL</Type></Setting>
<Setting><Name>RADIO  </Name><Values>RA OFF,RADIO </Values><Range>0-1</Range><CValue>0</CValue><Id>90012</Id><Type>BOOL</Type></Setting>
<Setting><Name>REVCTR </Name><Values>REVOFF,REVCTR</Values><Range>0-1</Range><CValue>0</CValue><Id>90016</Id><Type>BOOL</Type></Setting>
<Setting><Name>BLUEON</Name><Values>BLUOFF,BLUEON</Values><Range>0-1</Range><CValue>0</CValue><Id>90022</Id><Type>BOOL</Type></Setting>
<Setting><Name>ACCELR</Name><Values>ACCOFF,ACCELR</Values><Range>0-1</Range><CValue>0</CValue><Id>90024</Id><Type>BOOL</Type></Setting>
<Setting><Name>NUMKEY </Name><Values>NUMOFF,NUMKEY</Values><Range>0-1</Range><CValue>1</CValue><Id>90051</Id><Type>BOOL</Type></Setting>
<Setting><Name>QWERTY </Name><Values>QTYOFF,QWERTY</Values><Range>0-1</Range><CValue>0</CValue><Id>90061</Id><Type>BOOL</Type></Setting>
<Setting><Name>MODELID</Name><Values></Values><Range>0-6</Range><CValue>SL2BAL</CValue><Id>90201</Id><Type>STRING</Type></Setting>
<Setting><Name>MODLTM </Name><Values>0,1,2,3,4,5,6,7,8,9</Values><Range>0-9</Range><CValue>1</CValue><Id>90202</Id><Type>UINT_32</Type></Setting>
<Setting><Name>LANGAG </Name><Values>ENGLSH,NEDERL,FRANCS,DEUTSH,ITAL,PORT,ESPAN,VESTA,DANSK,MAGYAR,POLSKI</Values><Range>0-10</Range><CValue>0</CValue><Id>1001</Id><Type>INT_32</Type></Setting>
<Setting><Name>D RATE </Name><Values>1,2,3,4</Values><Range>0-3</Range><CValue>2</CValue><Id>1002</Id><Type>INT_32</Type></Setting>
<Setting><Name>SCALID </Name><Values></Values><Range>0-6</Range><CValue>NEW EZ</CValue><Id>1003</Id><Type>STRING</Type></Setting>
<Setting><Name>ZTRACK </Name><Values>   OFF,    ON</Values><Range>0-1</Range><CValue>0</CValue><Id>1004</Id><Type>BOOL</Type></Setting>
<Setting><Name>W MTHD </Name><Values>1,2,3</Values><Range>0-2</Range><CValue>0</CValue><Id>1005</Id><Type>UCHAR</Type></Setting>
<Setting><Name>1 ZERO </Name><Values>   OFF,    ON</Values><Range>0-1</Range><CValue>1</CValue><Id>1006</Id><Type>BOOL</Type></Setting>
<Setting><Name>AUTOFF </Name><Values>OFF,15,30,45,60</Values><Range>0-4</Range><CValue>0</CValue><Id>1007</Id><Type>UINT_32</Type></Setting>
<Setting><Name>WT COM</Name><Values>OFF,ACCEL,ISOBUS,P UTS</Values><Range>0-3</Range><CValue>0</CValue><Id>1009</Id><Type>UINT_32</Type></Setting>
<Setting><Name>PREFLT</Name><Values>OFF, ON</Values><Range>0-1</Range><CValue>0</CValue><Id>1011</Id><Type>BOOL</Type></Setting>
<Setting><Name>SCROLL </Name><Values>0,1,2,3,4,5,6,7,8,9</Values><Range>0-9</Range><CValue>4</CValue><Id>1101</Id><Type>INT_32</Type></Setting>
<Setting><Name>SAVTAR </Name><Values>   OFF,    ON</Values><Range>0-1</Range><CValue>0</CValue><Id>1102</Id><Type>BOOL</Type></Setting>
<Setting><Name>PRETAR </Name><Values>   OFF,    ON</Values><Range>0-1</Range><CValue>0</CValue><Id>1103</Id><Type>BOOL</Type></Setting>
<Setting><Name>PWRLOS</Name><Values>   OFF,    ON</Values><Range>0-1</Range><CValue>0</CValue><Id>1104</Id><Type>BOOL</Type></Setting>
<Setting><Name>TIME F </Name><Values>AM/PM,24 HR</Values><Range>0-1</Range><CValue>0</CValue><Id>1201</Id><Type>BYTE</Type></Setting>
<Setting><Name>TIME   </Name><Values></Values><Range>0-6</Range><CValue>111111</CValue><Id>1202</Id><Type>STRING</Type></Setting>
<Setting><Name>DATE F </Name><Values>1,2,3,4,5,6,7,8</Values><Range>0-7</Range><CValue>6</CValue><Id>1203</Id><Type>BYTE</Type></Setting>
<Setting><Name>DATE   </Name><Values></Values><Range>0-6</Range><CValue>010100</CValue><Id>1204</Id><Type>STRING</Type></Setting>
<Setting><Name>DT CHK </Name><Values>   OFF,    ON</Values><Range>0-1</Range><CValue>0</CValue><Id>1205</Id><Type>BOOL</Type></Setting>
<Setting><Name>RMINP1 </Name><Values>  OFF ,PRESET,SWITCH,TARE ,PRINT,HOLD ,NETGRS,M+  ,ZERO ,MIXCTR,TR HLD</Values><Range>0-10</Range><CValue>9</CValue><Id>1401</Id><Type>INT_32</Type></Setting>
<Setting><Name>RI1MSG </Name><Values></Values><Range>0-6</Range><CValue>OPEN</CValue><Id>1402</Id><Type>STRING</Type></Setting>
<Setting><Name>R1STAT </Name><Values> OPEN ,CLOSED</Values><Range>0-1</Range><CValue>1</CValue><Id>1403</Id><Type>BOOL</Type></Setting>
<Setting><Name>R1TIME </Name><Values>0,1,2,3,4,5,6,7,8</Values><Range>0-8</Range><CValue>2</CValue><Id>1404</Id><Type>INT_32</Type></Setting>
<Setting><Name>R1PULL</Name><Values>PULLUP,PULLDN</Values><Range>0-1</Range><CValue>1</CValue><Id>1405</Id><Type>BOOL</Type></Setting>
<Setting><Name>RMINP2 </Name><Values>  OFF ,PRESET,SWITCH,TARE ,PRINT,HOLD ,NETGRS,M+  ,ZERO ,TR HLD</Values><Range>0-9</Range><CValue>4</CValue><Id>1411</Id><Type>INT_32</Type></Setting>
<Setting><Name>RI2MSG </Name><Values></Values><Range>0-6</Range><CValue>OPEN</CValue><Id>1412</Id><Type>STRING</Type></Setting>
<Setting><Name>R2STAT </Name><Values> OPEN ,CLOSED</Values><Range>0-1</Range><CValue>1</CValue><Id>1413</Id><Type>BOOL</Type></Setting>
<Setting><Name>R2TIME </Name><Values>0,1,2,3,4,5,6,7,8</Values><Range>0-8</Range><CValue>2</CValue><Id>1414</Id><Type>INT_32</Type></Setting>
<Setting><Name>REMOTE </Name><Values>OFF,ON,MLTLNE</Values><Range>0-2</Range><CValue>0</CValue><Id>2001</Id><Type>INT_32</Type></Setting>
<Setting><Name>SCL NO </Name><Values>SCL  1,SCL  2,SCL  3,SCL  4,SCL  5,SCL  6,SCL  7,SCL  8,SCL  9,SCL 10,SCL 11,SCL 12,SCL 13,SCL 14,SCL 15,SCL 16,SCL 17,SCL 18,SCL 19,SCL 20,SCL 21,SCL 22,SCL 23,SCL 24,SCL 25,SCL 26,SCL 27,SCL 28,SCL 29,SCL 30,SCL 31,SCL 32,SCL 33,SCL 34,SCL 35,SCL 36,SCL 37,SCL 38,SCL 39,SCL 40,SCL 41,SCL 42,SCL 43,SCL 44,SCL 45,SCL 46,SCL 47,SCL 48</Values><Range>0-47</Range><CValue>0</CValue><Id>2002</Id><Type>INT_32</Type></Setting>
<Setting><Name>EXTRAD </Name><Values>   OFF,    ON</Values><Range>0-1</Range><CValue>0</CValue><Id>2003</Id><Type>BOOL</Type></Setting>
<Setting><Name>DDL    </Name><Values>  NO  ,  YES </Values><Range>0-1</Range><CValue>0</CValue><Id>2004</Id><Type>BOOL</Type></Setting>
<Setting><Name>EZ2AUD</Name><Values>   OFF,    ON</Values><Range>0-1</Range><CValue>1</CValue><Id>2005</Id><Type>BOOL</Type></Setting>
<Setting><Name>SCOREM </Name><Values>     0,     1,     2,     3,     4,     5,     6,     7,     8,    11,    12,    14,    15,    27,    37,    38,    39</Values><Range>0-16</Range><CValue>0</CValue><Id>2101</Id><Type>INT_32</Type></Setting>
<Setting><Name>ZERO FP</Name><Values>   OFF,    ON</Values><Range>0-1</Range><CValue>0</CValue><Id>2103</Id><Type>BOOL</Type></Setting>
<Setting><Name>SCRM 2</Name><Values>     0,     1,     2,     3,     4,     5,     6,     7,     8,    11,    12,    14,    15,    27,    37,    38,    39</Values><Range>0-16</Range><CValue>0</CValue><Id>2104</Id><Type>INT_32</Type></Setting>
<Setting><Name>OPSTAT </Name><Values>     0,     2,     3</Values><Range>0-2</Range><CValue>0</CValue><Id>2111</Id><Type>INT_32</Type></Setting>
<Setting><Name>-DVADJ</Name><Values>   OFF,    ON</Values><Range>0-1</Range><CValue>1</CValue><Id>2199</Id><Type>BOOL</Type></Setting>
<Setting><Name>C1 BD  </Name><Values>1200,2400,4800,9600,14400,19200,38400,57600,115200</Values><Range>0-8</Range><CValue>3</CValue><Id>2201</Id><Type>UINT_32</Type></Setting>
<Setting><Name>C1 PAR </Name><Values>EVEN,NONE,ODD</Values><Range>0-2</Range><CValue>0</CValue><Id>2202</Id><Type>UINT_32</Type></Setting>
<Setting><Name>C1DATA </Name><Values>7,8</Values><Range>0-1</Range><CValue>0</CValue><Id>2203</Id><Type>UINT_32</Type></Setting>
<Setting><Name>C1 DLY </Name><Values>0,0.10,0.25,0.50,0.75,1,2,3,4,5</Values><Range>0-9</Range><CValue>0</CValue><Id>2204</Id><Type>UINT_32</Type></Setting>
<Setting><Name>C2 BD  </Name><Values>1200,2400,4800,9600,14400,19200,38400,57600,115200</Values><Range>0-8</Range><CValue>3</CValue><Id>2211</Id><Type>UINT_32</Type></Setting>
<Setting><Name>C2 PAR </Name><Values>EVEN,NONE,ODD</Values><Range>0-2</Range><CValue>0</CValue><Id>2212</Id><Type>UINT_32</Type></Setting>
<Setting><Name>C2DATA </Name><Values>7,8</Values><Range>0-1</Range><CValue>0</CValue><Id>2213</Id><Type>UINT_32</Type></Setting>
<Setting><Name>C2 DLY </Name><Values>0,0.10,0.25,0.50,0.75,1,2,3,4,5</Values><Range>0-9</Range><CValue>0</CValue><Id>2214</Id><Type>UINT_32</Type></Setting>
<Setting><Name>TAREAP </Name><Values>   OFF,    ON</Values><Range>0-1</Range><CValue>0</CValue><Id>2301</Id><Type>BOOL</Type></Setting>
<Setting><Name>1L PRT </Name><Values>   OFF,    ON</Values><Range>0-1</Range><CValue>0</CValue><Id>2302</Id><Type>BOOL</Type></Setting>
<Setting><Name>APRINT </Name><Values>   OFF,    ON</Values><Range>0-1</Range><CValue>0</CValue><Id>2303</Id><Type>BOOL</Type></Setting>
<Setting><Name>PRTFMT </Name><Values> AUTO ,WTONLY,DOWNLD, DT+TM, ID+TM,IDWTTM,BATCH1,PRTAC1,PRTAC2,PRTAC3,PRWTRC,WTRCTM,3200-A,3200-B,SCLABC</Values><Range>0-14</Range><CValue>0</CValue><Id>2304</Id><Type>INT_32</Type></Setting>
<Setting><Name>RMDISP </Name><Values> NONE ,  EZ2 ,EZ3MUX,  COG </Values><Range>0-3</Range><CValue>1</CValue><Id>2401</Id><Type>BYTE</Type></Setting>
<Setting><Name>RMTERM </Name><Values>   OFF,    ON</Values><Range>0-1</Range><CValue>0</CValue><Id>2402</Id><Type>BOOL</Type></Setting>
<Setting><Name>BARGRP </Name><Values>   OFF, RIGHT,  LEFT,MIDOUT,MID IN</Values><Range>0-4</Range><CValue>1</CValue><Id>2411</Id><Type>BYTE</Type></Setting>
<Setting><Name>WTGRPH </Name><Values>   OFF,    ON</Values><Range>0-1</Range><CValue>1</CValue><Id>2412</Id><Type>BOOL</Type></Setting>
<Setting><Name>BAR WT </Name><Values></Values><Range>0-999999</Range><CValue>12000</CValue><Id>2413</Id><Type>INT_32</Type></Setting>
<Setting><Name>PRGRPH </Name><Values>   OFF,    ON</Values><Range>0-1</Range><CValue>1</CValue><Id>2414</Id><Type>BOOL</Type></Setting>
<Setting><Name>TMGRPH </Name><Values>   OFF,    ON</Values><Range>0-1</Range><CValue>1</CValue><Id>2415</Id><Type>BOOL</Type></Setting>
<Setting><Name>NONDSR</Name><Values>   OFF,    ON</Values><Range>0-1</Range><CValue>0</CValue><Id>2417</Id><Type>BOOL</Type></Setting>
<Setting><Name>ISO WT</Name><Values></Values><Range>0-2</Range><CValue>1.0</CValue><Id>2701</Id><Type>FLOAT</Type></Setting>
<Setting><Name>ISOADR</Name><Values></Values><Range>128-239</Range><CValue>144</CValue><Id>2702</Id><Type>UINT_32</Type></Setting>
<Setting><Name>ISODDI</Name><Values>DDIOFF,DDI ON</Values><Range>0-1</Range><CValue>1</CValue><Id>2704</Id><Type>BOOL</Type></Setting>
<Setting><Name>ISOINT</Name><Values></Values><Range>1-32</Range><CValue>1</CValue><Id>2705</Id><Type>UINT_32</Type></Setting>
<Setting><Name>CANMSG</Name><Values></Values><Range>0-8</Range><CValue>0</CValue><Id>2711</Id><Type>UINT_32</Type></Setting>
<Setting><Name>CANINT</Name><Values></Values><Range>0-2</Range><CValue>.1</CValue><Id>2712</Id><Type>FLOAT</Type></Setting>
<Setting><Name>WMA1-1 </Name><Values></Values><Range>2-100</Range><CValue>2</CValue><Id>3003</Id><Type>ULONG</Type></Setting>
<Setting><Name>WMA1-2 </Name><Values></Values><Range>0-100</Range><CValue>0</CValue><Id>3004</Id><Type>ULONG</Type></Setting>
<Setting><Name>WMA1-3 </Name><Values></Values><Range>1-99999</Range><CValue>4000</CValue><Id>3005</Id><Type>ULONG</Type></Setting>
<Setting><Name>WMA2-1 </Name><Values></Values><Range>2-100</Range><CValue>30</CValue><Id>3006</Id><Type>ULONG</Type></Setting>
<Setting><Name>WMA2-2 </Name><Values></Values><Range>0-100</Range><CValue>10</CValue><Id>3007</Id><Type>ULONG</Type></Setting>
<Setting><Name>WMA2-3 </Name><Values></Values><Range>1-99999</Range><CValue>4000</CValue><Id>3008</Id><Type>ULONG</Type></Setting>
<Setting><Name>ABCDSP </Name><Values>SINGLE,TOTAL ,COMBIN</Values><Range>0-2</Range><CValue>0</CValue><Id>3091</Id><Type>UINT_32</Type></Setting>
<Setting><Name>MOTION </Name><Values>   OFF,    ON</Values><Range>0-1</Range><CValue>0</CValue><Id>3101</Id><Type>BOOL</Type></Setting>
<Setting><Name>MOT WT </Name><Values></Values><Range>0-999999</Range><CValue>0</CValue><Id>3102</Id><Type>INT_32</Type></Setting>
<Setting><Name>P MTHD </Name><Values>PERCNT,WEIGHT</Values><Range>0-1</Range><CValue>1</CValue><Id>4001</Id><Type>BOOL</Type></Setting>
<Setting><Name>P ALRM </Name><Values></Values><Range>0-999999</Range><CValue>100</CValue><Id>4002</Id><Type>INT_32</Type></Setting>
<Setting><Name>AL OUT </Name><Values>OFF,PRESET,  TR  </Values><Range>0-2</Range><CValue>1</CValue><Id>4003</Id><Type>INT_32</Type></Setting>
<Setting><Name>BUZZER </Name><Values>   OFF,     1,     2,     3,     4,     5,     6,     7,     8,     9,    10,    ON</Values><Range>0-11</Range><CValue>11</CValue><Id>4004</Id><Type>INT_32</Type></Setting>
<Setting><Name>RELAY  </Name><Values>OFF,PRESET,SETPNT</Values><Range>0-2</Range><CValue>1</CValue><Id>4005</Id><Type>INT_32</Type></Setting>
<Setting><Name>PRTDLY </Name><Values></Values><Range>0-999999</Range><CValue>0</CValue><Id>4006</Id><Type>UINT_32</Type></Setting>
<Setting><Name>RLYOUT </Name><Values>SIG 0V,SIG12V</Values><Range>0-1</Range><CValue>1</CValue><Id>4008</Id><Type>BOOL</Type></Setting>
<Setting><Name>PRCLPT</Name><Values>   OFF,    ON</Values><Range>0-1</Range><CValue>1</CValue><Id>4009</Id><Type>BOOL</Type></Setting>
<Setting><Name>SETOUT </Name><Values> UNDER, OVER </Values><Range>0-1</Range><CValue>1</CValue><Id>4101</Id><Type>BOOL</Type></Setting>
<Setting><Name>SETCHG </Name><Values></Values><Range>0-999999</Range><CValue>500</CValue><Id>4102</Id><Type>DOUBLE</Type></Setting>
<Setting><Name>SETDEL </Name><Values></Values><Range>0-999999</Range><CValue>0</CValue><Id>4103</Id><Type>UINT_32</Type></Setting>
<Setting><Name>SETPNT </Name><Values></Values><Range>0-999999</Range><CValue>5000</CValue><Id>4104</Id><Type>DOUBLE</Type></Setting>
<Setting><Name>STWTSC </Name><Values>NORMAL,SERIAL</Values><Range>0-1</Range><CValue>0</CValue><Id>4106</Id><Type>BOOL</Type></Setting>
<Setting><Name>T MTHD </Name><Values>PERCNT,WEIGHT</Values><Range>0-1</Range><CValue>1</CValue><Id>4201</Id><Type>BOOL</Type></Setting>
<Setting><Name>TOLER  </Name><Values></Values><Range>0-999999</Range><CValue>0</CValue><Id>4202</Id><Type>DOUBLE</Type></Setting>
<Setting><Name>OVERLK </Name><Values>   OFF,    ON</Values><Range>0-1</Range><CValue>0</CValue><Id>4203</Id><Type>BOOL</Type></Setting>
<Setting><Name>RMDPRT </Name><Values>OFF,COM 1,COM 2,COM 3</Values><Range>0-3</Range><CValue>2</CValue><Id>5001</Id><Type>INT_32</Type></Setting>
<Setting><Name>RADPRT </Name><Values>OFF,COM 1,COM 2,COM 3,COM 4</Values><Range>0-4</Range><CValue>3</CValue><Id>5002</Id><Type>INT_32</Type></Setting>
<Setting><Name>EXRPRT </Name><Values>OFF,COM 1,COM 2,COM 3</Values><Range>0-3</Range><CValue>2</CValue><Id>5003</Id><Type>INT_32</Type></Setting>
<Setting><Name>PRPORT </Name><Values>OFF,COM 1,COM 2,COM 3</Values><Range>0-3</Range><CValue>2</CValue><Id>5005</Id><Type>INT_32</Type></Setting>
<Setting><Name>SCPORT </Name><Values>OFF,COM 1,COM 2,COM 3</Values><Range>0-3</Range><CValue>1</CValue><Id>5006</Id><Type>INT_32</Type></Setting>
<Setting><Name>OPSTAT </Name><Values>OFF,COM 1,COM 2,COM 3</Values><Range>0-3</Range><CValue>1</CValue><Id>5007</Id><Type>INT_32</Type></Setting>
<Setting><Name>20MAMR </Name><Values>OFF,COM 1,COM 2,COM 3,COM 4</Values><Range>0-4</Range><CValue>1</CValue><Id>5011</Id><Type>INT_32</Type></Setting>
<Setting><Name>SC2PRT</Name><Values>OFF,COM 1,COM 2,COM 3</Values><Range>0-3</Range><CValue>2</CValue><Id>5015</Id><Type>INT_32</Type></Setting>
<Setting><Name>BLPORT</Name><Values>OFF,COM 1,COM 2,COM 3</Values><Range>0-3</Range><CValue>3</CValue><Id>5016</Id><Type>INT_32</Type></Setting>
<Setting><Name>CANPRT</Name><Values></Values><Range>0-1</Range><CValue>0</CValue><Id>5111</Id><Type>UINT_32</Type></Setting>
<Setting><Name>MAXRNG</Name><Values></Values><Range>3-100</Range><CValue>10</CValue><Id>6901</Id><Type>INT_32</Type></Setting>
<Setting><Name>MAXOFF</Name><Values></Values><Range>0-100</Range><CValue>0</CValue><Id>6902</Id><Type>INT_32</Type></Setting>
<Setting><Name>MINRNG</Name><Values></Values><Range>3-100</Range><CValue>10</CValue><Id>6903</Id><Type>INT_32</Type></Setting>
<Setting><Name>SLOPAV</Name><Values></Values><Range>0-1000</Range><CValue>294</CValue><Id>6904</Id><Type>INT_32</Type></Setting>
<Setting><Name>MIN WT</Name><Values></Values><Range>100-1000</Range><CValue>500</CValue><Id>6905</Id><Type>INT_32</Type></Setting>
<Setting><Name>TRGBWT</Name><Values></Values><Range>100-1000</Range><CValue>1500</CValue><Id>6906</Id><Type>INT_32</Type></Setting>
<Setting><Name>SIGNON</Name><Values>   OFF,    ON</Values><Range>0-1</Range><CValue>0</CValue><Id>8001</Id><Type>BOOL</Type></Setting>
<Setting><Name>SIGMSG</Name><Values></Values><Range>0-120</Range><CValue>Digi-Star</CValue><Id>8002</Id><Type>STRING</Type></Setting>
<Setting><Name>MANTMG</Name><Values></Values><Range>0-120</Range><CValue>SEE OPERATORS MANUAL FOR SERVICE INTERVAL REQUIREMENTS</CValue><Id>8011</Id><Type>STRING</Type></Setting>
<Setting><Name>MANTTM</Name><Values></Values><Range>0-999999</Range><CValue>0</CValue><Id>8012</Id><Type>STRING</Type></Setting>
<Setting><Name>ISOMDL</Name><Values></Values><Range>0-26</Range><CValue>0,16,1,16,2,16,3,16</CValue><Id>8744</Id><Type>STRING</Type></Setting>
<Setting><Name>ISONAM</Name><Values>SL1,SL2,SL2BAL</Values><Range>0-2</Range><CValue>2</CValue><Id>8746</Id><Type>UINT_32</Type></Setting>
<Setting><Name>SETUP</Name><Values></Values><Range>6-6</Range><CValue>143007</CValue><Id>8711</Id><Type>STRING</Type></Setting>
<Setting><Name>CAL</Name><Values></Values><Range>0-99999</Range><CValue>7000</CValue><Id>8712</Id><Type>LONG</Type></Setting>
</Indicator_Settings>